slug	source_label	license	source_url	px
academy-of-management-annals	aom.org	fair-use cover thumbnail	https://www.aom.org/wp-content/uploads/2025/07/imgjournal_annals-786x1024.jpg	246x320
academy-of-management-journal	inapublikatama.com via wp.com	fair-use cover thumbnail	https://i0.wp.com/inapublikatama.com/wp-content/uploads/2019/05/Academy-of-Management-Journal.jpg?fit=640%2C738&ssl=1	277x320
academy-of-management-review	journals.aom.org (Wayback proxy)	fair-use cover thumbnail	https://web.archive.org/web/2id_/https://journals.aom.org/cms/10.5465/amr.2024.49.issue-1/asset/16177535-e516-7753-6e51-1775356e5161/cover.jpg	245x320
accounting-and-economics-research	Publisher:维普 cqvip (会计与经济研究)	Publisher:cqvip	http://image.cqvip.com/vip1000/qkclearimg/82368a/82368a.jpg	230x320
accounting-organizations-and-society	Publisher:Elsevier	publisher cover (fair-use)	https://ars.els-cdn.com/content/image/X03613682.jpg	240x320
accounting-research	Publisher:维普 cqvip (会计研究)	Publisher:cqvip	http://image.cqvip.com/vip1000/qkclearimg/96456x/96456x.jpg	230x320
accounts-of-chemical-research	en.wikipedia	fair-use thumbnail	https://upload.wikimedia.org/wikipedia/en/8/87/Accounts_of_Chemical_Research_%28cover%29.jpg	241x320
acs-nano	en.wikipedia	fair-use thumbnail	https://upload.wikimedia.org/wikipedia/en/7/7e/Nano_cover.jpg	242x320
administrative-science-quarterly	en.wikipedia	fair-use cover thumbnail	https://upload.wikimedia.org/wikipedia/en/c/cc/AdministrativeScienceQuarterly.jpg	224x320
advanced-materials	en.wikipedia	fair-use thumbnail	https://upload.wikimedia.org/wikipedia/en/e/e4/Advanced_Materials_%28journal%29_cover.jpg	240x320
aej-applied-economics	Emory Economics Dept	fair-use cover thumbnail	https://economics.emory.edu/images/research-images/american-economic-journal-applied-economics.jpg	220x320
aej-economic-policy	Notre Dame Economics	fair-use cover thumbnail	https://economics.nd.edu/assets/601443/600x/american_economic_journal_economic_policy.jpg	220x320
aej-macroeconomics	Emory Economics Dept	fair-use cover thumbnail	https://economics.emory.edu/images/research-images/american-economic-journal-macroeconomics.jpg	217x320
aej-microeconomics	Duke Economics	fair-use cover thumbnail	https://econ.duke.edu/sites/econ.duke.edu/files/styles/news_full_image/public/2021-11/694653_0.jpeg?itok=PPd3DaTi	217x320
aer	en.wikipedia	fair-use thumbnail	https://upload.wikimedia.org/wikipedia/en/8/8a/The_American_Economic_Review_%28cover%29.jpg	218x320
aer-insights	Emory Economics Dept	fair-use cover thumbnail	https://economics.emory.edu/images/research-images/american-economic-review-insights.jpg	219x320
agricultural-systems	Elsevier ars.els-cdn	fair-use cover thumbnail	https://ars.els-cdn.com/content/image/X0308521X.jpg	240x320
american-economic-review	en.wikipedia	fair-use cover thumbnail	https://upload.wikimedia.org/wikipedia/en/8/8a/The_American_Economic_Review_%28cover%29.jpg	218x320
american-educational-research-journal	Sage showCoverImage via Wayback (AERJ)	fair-use cover thumbnail	https://web.archive.org/web/20220507151612im_/https://journals.sagepub.com/action/showCoverImage?journalCode=aer	213x320
american-historical-review	OUP silverchair CDN	fair-use cover thumbnail	https://oup.silverchair-cdn.com/oup/backfile/Content_public/Journal/ahr/Issue/130/3/1/m_ahr_130_3cover.jpeg?Expires=1820778567&Signature=vZXr9KVQipTJKQiOX3xbxVB6Y6Ggyp5rTdr-IeMoGuPHUxPPFuFAp~6r7jTPW-q5-EHFWd1t5sYQrL1YaDgLa~SBuOQFpR043~Q4wPfqHq8sbHPp-mNMFAEOPOa9yYGhFjIhCOrsLhsOrmLSBvB9c-6vxweq7vfA82ZxGRUuMyC9kH2VAsSZJhRe5XigC6nwFBy1y8pLqLEJAhrmVVSDYeZ6HHvb52N~pwvIjNxt~PbUWK6cjpLGTQVhvA88jA4tO0XsxyWvvzQWip0j8tBDF0RkP90hmGjaNzuqOEJ-DNUfs2W300oXm0N8il4UwvZOv782WHaTKPsz9O~GJB1omQ__&Key-Pair-Id=APKAIE5G5CRDK6RD3PGA	224x320
american-journal-of-political-science	Wiley media CDN	fair-use cover thumbnail	https://media.wiley.com/journal/15405907-cover.jpg	243x320
american-journal-of-sociology	Wikipedia (AJS cover)	fair-use cover thumbnail	https://upload.wikimedia.org/wikipedia/en/8/8f/Jan2006AJSCover.jpg	212x320
american-political-science-review	Cambridge Core journal page	fair-use cover thumbnail	https://www.cambridge.org/core/journals/american-political-science-review	240x320
american-sociological-review	Sage CDN via Wayback (ASR)	fair-use cover thumbnail	https://web.archive.org/web/2id_/https://journals.sagepub.com/cms/asset/89214cc4-97c4-4fe8-bab8-3fa0e997b438/asra_76_6.largecover.png	218x320
angewandte-chemie-international-edition	Wikipedia (en)	fair-use thumbnail	https://upload.wikimedia.org/wikipedia/commons/thumb/1/1d/Logo_of_Angewandte_Chemie_International_Edition.svg/500px-Logo_of_Angewandte_Chemie_International_Edition.svg.png	320x131
annals-of-internal-medicine	peeref.com (fair-use cover thumbnail)	fair-use cover thumbnail	https://peeref-open.s3.amazonaws.com/storage/images/covers/614.jpg	246x320
annals-of-mathematics	peeref.com (fair-use cover thumbnail)	fair-use cover thumbnail	https://peeref-open.s3.amazonaws.com/storage/images/covers/616.jpg	219x320
annual-review-of-economics	Annual Reviews docserver	fair-use cover thumbnail	https://www.annualreviews.org/docserver/fulltext/econ-184x258.png	228x320
asia-pacific-economic-review	Publisher:维普 cqvip (亚太经济)	Publisher:cqvip	http://image.cqvip.com/vip1000/qkclearimg/96371x/96371x.jpg	230x320
auditing-and-economics-research	Publisher:维普 cqvip (审计与经济研究)	Publisher:cqvip	http://image.cqvip.com/vip1000/qkclearimg/82021x/82021x.jpg	230x320
auditing-research	Publisher:维普 cqvip (审计研究)	Publisher:cqvip	http://image.cqvip.com/vip1000/qkclearimg/98204x/98204x.jpg	230x320
blood	en.wikipedia	fair-use thumbnail	https://upload.wikimedia.org/wikipedia/en/a/af/Blood_%28journal%29_Cover_135%289%29.jpg	242x320
brookings-papers-on-economic-activity	Project MUSE (muse.jhu.edu)	fair-use cover thumbnail	https://muse.jhu.edu/journal/34	225x320
bulletin-of-chinese-academy-of-sciences	Publisher:维普 cqvip (中国科学院院刊)	Publisher:cqvip	http://image.cqvip.com/vip1000/qkclearimg/93827x/93827x.jpg	230x320
business-management-journal	Publisher:维普 cqvip (经济管理)	Publisher:cqvip	http://image.cqvip.com/vip1000/qkclearimg/92588x/92588x.jpg	230x320
ca-a-cancer-journal-for-clinicians	Publisher:Wiley (media CDN)	publisher cover (fair-use)	https://media.wiley.com/journal/15424863-cover.jpg	243x320
cancer-cell	en.wikipedia	fair-use thumbnail	https://upload.wikimedia.org/wikipedia/en/8/89/Cancer_Cell_%28journal%29.gif	245x320
cancer-discovery	en.wikipedia	fair-use thumbnail	https://upload.wikimedia.org/wikipedia/en/d/d7/Cancer_Discover_%28journal%29_Cover_11%289%29.jpg	241x320
cell	en.wikipedia	fair-use thumbnail	https://upload.wikimedia.org/wikipedia/en/d/d6/Cover_of_Cell_%28Scientific_journal%29.jpg	246x320
cell-host-and-microbe	Publisher:Elsevier	publisher cover (fair-use)	https://ars.els-cdn.com/content/image/X19313128.jpg	246x320
cell-metabolism	Publisher:Elsevier	publisher cover (fair-use)	https://ars.els-cdn.com/content/image/X15504131.jpg	246x320
cell-stem-cell	en.wikipedia	fair-use thumbnail	https://upload.wikimedia.org/wikipedia/en/1/1f/Cell_Stem_Cell_%28journal_-_front_cover%29.gif	247x320
chem	Publisher:Elsevier	publisher cover (fair-use)	https://ars.els-cdn.com/content/image/X24519294.jpg	246x320
chemical-reviews	en.wikipedia	fair-use thumbnail	https://upload.wikimedia.org/wikipedia/en/5/59/Chemical_Reviews_cover.jpg	242x320
chemical-society-reviews	en.wikipedia	fair-use thumbnail	https://upload.wikimedia.org/wikipedia/en/f/f4/ChemSocRevCover.jpg	244x320
china-accounting-review	Publisher:维普 cqvip (中国会计评论)	Publisher:cqvip	http://image.cqvip.com/vip1000/qkclearimg/88037x/88037x.jpg	230x320
china-economic-quarterly	Publisher:维普 cqvip (经济学季刊)	Publisher:cqvip	http://image.cqvip.com/vip1000/qkclearimg/84307x/84307x.jpg	230x320
china-economic-studies	Publisher:维普 cqvip (中国经济问题)	Publisher:cqvip	http://image.cqvip.com/vip1000/qkclearimg/90744x/90744x.jpg	230x320
china-industrial-economics	Publisher:维普 cqvip (中国工业经济)	Publisher:cqvip	http://image.cqvip.com/vip1000/qkclearimg/93800a/93800a.jpg	230x320
china-public-administration-review	Publisher:维普 cqvip (公共行政评论)	Publisher:cqvip	http://image.cqvip.com/vip1000/qkclearimg/89372x/89372x.jpg	230x320
china-rural-economy	Publisher:维普 cqvip (中国农村经济)	Publisher:cqvip	http://image.cqvip.com/vip1000/qkclearimg/94178x/94178x.jpg	230x320
china-rural-survey	Publisher:NCPSSD 国家哲学社会科学文献中心 (中国农村观察)	Publisher:ncpssd	https://ft.ncpssd.cn/image/get/qwcover/2026/2/83206X.jpg	237x320
china-soft-science	Publisher:维普 cqvip (中国软科学)	Publisher:cqvip	http://image.cqvip.com/vip1000/qkclearimg/91678a/91678a.jpg	230x320
chinese-journal-of-management	Publisher:维普 cqvip (管理学报)	Publisher:cqvip	http://image.cqvip.com/vip1000/qkclearimg/87936x/87936x.jpg	230x320
chinese-journal-of-management-science	Publisher:维普 cqvip (中国管理科学)	Publisher:cqvip	http://image.cqvip.com/vip1000/qkclearimg/95764a/95764a.jpg	230x320
chinese-public-administration	Publisher:维普 cqvip (中国行政管理)	Publisher:cqvip	http://image.cqvip.com/vip1000/qkclearimg/81961x/81961x.jpg	230x320
chinese-review-of-financial-studies	Publisher:NCPSSD 国家哲学社会科学文献中心 (金融评论)	Publisher:ncpssd	https://ft.ncpssd.cn/image/get/qwcover/2026/2/89604X.jpg	232x320
circulation	en.wikipedia	fair-use thumbnail	https://upload.wikimedia.org/wikipedia/en/9/97/Circulation_%28journal%29_cover.gif	245x320
comparative-economic-and-social-systems	Publisher:NCPSSD 国家哲学社会科学文献中心 (经济社会体制比较)	Publisher:ncpssd	https://ft.ncpssd.cn/image/get/qwcover/2026/1/93736X.jpg	226x320
conservation-biology	Wiley media CDN	fair-use cover thumbnail	https://media.wiley.com/journal/15231739-cover.jpg	243x320
contemporary-accounting-research	Publisher:Wiley (media CDN)	publisher cover (fair-use)	https://media.wiley.com/journal/19113846-cover.jpg	223x320
contemporary-economy-of-japan	Baidu Baike	fair-use thumbnail (Baidu Baike; cropped from cover-evolution montage)	https://bkimg.cdn.bcebos.com/pic/9d82d158ccbf6c818bf889beb33eb13532fa409c	240x320
contemporary-finance-and-economics	Publisher:维普 cqvip (当代财经)	Publisher:cqvip	http://image.cqvip.com/vip1000/qkclearimg/96800x/96800x.jpg	230x320
criminology	Wiley media CDN	fair-use cover thumbnail	https://media.wiley.com/journal/17459125-cover.jpg	222x320
critical-inquiry	Critical Inquiry CDN (cloudfront)	fair-use cover thumbnail	https://d3qi0qp55mx5f5.cloudfront.net/criticalinquiry/uploads/large_issue/50_3_LARGE.jpg?mtime=1709233592	213x320
current-biology	Wikipedia (en)	fair-use thumbnail	https://upload.wikimedia.org/wikipedia/en/f/ff/CurrentBiologyCoverVol17Iss24.jpg	244x320
demography	Duke UP (kc-usercontent)	fair-use cover thumbnail	https://assets-us-01.kc-usercontent.com/f7ca9afb-82c2-002a-a423-84e111d5b498/ff0f6643-3ac6-4228-af27-9508ff239527/DEM_new_pr.jpg	215x320
developmental-cell	Publisher:Elsevier	publisher cover thumbnail	https://ars.els-cdn.com/content/image/X15345807.jpg	246x320
diabetes-care	Wikipedia (en)	fair-use thumbnail	https://upload.wikimedia.org/wikipedia/en/1/1c/Diabetes-Care-January-2012.gif	242x320
e-government	Publisher:维普 cqvip (电子政务)	Publisher:cqvip	http://image.cqvip.com/vip1000/qkclearimg/94368c/94368c.jpg	230x320
east-china-economic-management	Publisher:维普 cqvip (华东经济管理)	Publisher:cqvip	http://image.cqvip.com/vip1000/qkclearimg/96459x/96459x.jpg	230x320
ecology-letters	Wikipedia (en)	fair-use thumbnail	https://upload.wikimedia.org/wikipedia/en/b/b1/ELECover.gif	218x320
econometric-theory	static.cambridge.org	fair-use cover thumbnail	https://static.cambridge.org/covers/ECT_0_0_0/econometric_theory.jpg	213x320
econometrica	en.wikipedia	fair-use cover thumbnail	https://upload.wikimedia.org/wikipedia/en/0/03/Econometrica_cover_page.jpg	222x320
economic-aspects	Baidu Baike	fair-use thumbnail (Baidu Baike; cropped from cover-evolution montage)	https://bkimg.cdn.bcebos.com/pic/fd039245d688d43f0af19789721ed21b0ef43b74	230x320
economic-perspectives	newcnki.net (《经济学动态》2022-1)	fair-use cover thumbnail	https://www.newcnki.net/upload/image/202308/20/a058_1531b.jpg	237x320
economic-policy	OUP silverchair-cdn (Economic Policy cover)	fair-use cover thumbnail	https://oup.silverchair-cdn.com/oup/backfile/Content_public/Journal/economicpolicy/Issue/40/124/1/m_economicpolicy_40_124cover.jpeg?Expires=1783924540&Signature=RalXGt8qCLcpA0SDgouFLIWqPs6wwHuvg7YDNSKUS1gIpbGQLeUtaEoj99jmhZWIV7vNhi9GpUhLBEG2ZjAuHi9szEqgYWZdvvGmN6a~RLkQEIHtspsSmEYzhCaAfzkNnZEuj1iVGmGbFuo4KUEq2S166s0dF2sR~UZG8GZFzDgx~CFfb~VMWRzkROeUV2Nq1aoN2hhoRx3E0IiANFH5OMsEuIvwlGAfpDP2rrvnWgqMuBZOnCkPftyIC77AHgrvt0YwCnBMPkhkuWUN3RYKkiI5TdUtf2IBc9Ha0XGJn2kRf4TJSHxj7sAaPybDDh2XoQkAXxWeG2Dg7IoABuyhiA__&Key-Pair-Id=APKAIE5G5CRDK6RD3PGA	221x320
economic-problems	Baidu Baike	fair-use thumbnail (Baidu Baike; cropped from cover-evolution montage)	https://bkimg.cdn.bcebos.com/pic/d6ca7bcb0a46f21feb0b8b28f9246b600c33ae8a	224x320
economic-research	Baidu Baike	fair-use thumbnail (Baidu Baike)	https://bkimg.cdn.bcebos.com/smart/8b13632762d0f70307752f2700fa513d2797c502-bkimg-process,v_1,rw_189,rh_261,maxl_523	231x320
economic-review-cn	Publisher:维普 cqvip (经济评论)	Publisher:cqvip	http://image.cqvip.com/vip1000/qkclearimg/82170x/82170x.jpg	230x320
economic-science	Baidu Baike	fair-use thumbnail (Baidu Baike; cropped from cover-evolution montage)	https://bkimg.cdn.bcebos.com/pic/8c1001e93901213f11a5bd6a5ae736d12e2e95f6	230x320
economic-theory-and-business-management	Publisher:维普 cqvip (经济理论与经济管理)	Publisher:cqvip	http://image.cqvip.com/vip1000/qkclearimg/95590x/95590x.jpg	230x320
economist-cn	Publisher:维普 cqvip (经济学家)	Publisher:cqvip	http://image.cqvip.com/vip1000/qkclearimg/97161x/97161x.jpg	230x320
elife	Wikimedia Commons (eLife logo 2020)	CC logo	https://upload.wikimedia.org/wikipedia/commons/5/50/Elife-logo-2020.png	240x320
energy-and-environmental-science	Wikipedia (en)	fair-use thumbnail	https://upload.wikimedia.org/wikipedia/en/9/97/EESfrontcover148.jpg	244x320
entrepreneurship-theory-and-practice	mysubs.in (SAGE cover)	fair-use cover thumbnail	https://mysubs.in/wp-content/uploads/entrepreneurship-theory-and-practice-journal-subscription-16-Dec-2019.png	220x320
environmental-science-and-technology	Wikipedia (en)	fair-use thumbnail	https://upload.wikimedia.org/wikipedia/en/d/d7/Est_cover.jpg	241x320
european-economic-review	Publisher:Elsevier	publisher cover (fair-use)	https://ars.els-cdn.com/content/image/X00142921.jpg	235x320
european-heart-journal	Wikipedia (en)	fair-use thumbnail	https://upload.wikimedia.org/wikipedia/en/b/b3/European_Heart_Journal.gif	245x320
experimental-economics	Publisher:SpringerNature	publisher cover thumbnail	https://media.springernature.com/w316/springer-static/cover/journal/10683.jpg	211x320
field-crops-research	Elsevier ars.els-cdn	fair-use cover thumbnail	https://ars.els-cdn.com/content/image/X03784290.jpg	240x320
finance-and-economics	Publisher:维普 cqvip (财经科学)	Publisher:cqvip	http://image.cqvip.com/vip1000/qkclearimg/96436x/96436x.jpg	230x320
finance-and-trade-economics	Publisher:维普 cqvip (财贸经济)	Publisher:cqvip	http://image.cqvip.com/vip1000/qkclearimg/96197x/96197x.jpg	230x320
financial-management	Publisher:Wiley (media CDN)	publisher cover (fair-use)	https://media.wiley.com/journal/1755053X-cover.jpg	244x320
financial-regulation-research	Publisher:维普 cqvip (金融监管研究)	Publisher:cqvip	http://image.cqvip.com/vip1000/qkclearimg/71702x/71702x.jpg	230x320
foreign-economics-and-management	Publisher:维普 cqvip (外国经济与管理)	Publisher:cqvip	http://image.cqvip.com/vip1000/qkclearimg/95234x/95234x.jpg	230x320
forum-on-science-and-technology-in-china	Publisher:维普 cqvip (中国科技论坛)	Publisher:cqvip http://image.cqvip.com/vip1000/qkclearimg/91762x/91762x.jpg	/tmp/cov_91762x_big.png	230x320
frontiers-of-engineering-management-science-and-technology	Publisher:维普 cqvip (工程管理科技前沿)	Publisher:cqvip	http://image.cqvip.com/vip1000/qkclearimg/95963a/95963a.jpg	230x320
games-and-economic-behavior	Publisher:Elsevier	publisher cover (fair-use)	https://ars.els-cdn.com/content/image/X08998256.jpg	235x320
gastroenterology	Wikipedia (en)	fair-use thumbnail	https://upload.wikimedia.org/wikipedia/en/0/01/Gastroenterology_%28journal%29.gif	240x320
genome-biology	Publisher:SpringerNature	publisher cover thumbnail	https://media.springernature.com/w316/springer-static/cover/journal/13059.jpg	225x320
global-change-biology	Wiley media CDN	fair-use cover thumbnail	https://media.wiley.com/journal/13652486-cover.jpg	243x320
global-environmental-change	Elsevier ars.els-cdn	fair-use cover thumbnail	https://ars.els-cdn.com/content/image/X09593780.jpg	240x320
governance-studies	Publisher:维普 cqvip (治理研究)	Publisher:cqvip http://image.cqvip.com/vip1000/qkclearimg/80561a/80561a.jpg	/tmp/cov_80561a_big.png	230x320
gut	Wikipedia (en)	fair-use thumbnail	https://upload.wikimedia.org/wikipedia/en/8/8e/Gutjournalcover.gif	245x320
human-relations	Wikipedia (en)	fair-use thumbnail	https://upload.wikimedia.org/wikipedia/en/1/12/Human_Relations_front_cover_image.jpg	214x320
human-resource-management	Publisher:Wiley (media CDN)	publisher cover (fair-use)	https://media.wiley.com/journal/1099050X-cover.jpg	243x320
ieee-transactions-on-pattern-analysis-and-machine-intelligence	peeref.com (fair-use cover thumbnail)	fair-use cover thumbnail	https://peeref-open.s3.amazonaws.com/storage/images/covers/3411.jpg	229x320
imf-economic-review	Publisher:SpringerNature	publisher cover thumbnail	https://media.springernature.com/w316/springer-static/cover/journal/41308.jpg	224x320
immunity	Wikipedia (en)	fair-use thumbnail	https://upload.wikimedia.org/wikipedia/en/a/af/Immunity_journal_cover.jpg	247x320
industrial-economics-research	Baidu Baike	fair-use thumbnail (Baidu Baike)	https://bkimg.cdn.bcebos.com/smart/37d12f2eb9389b5042bbbf918835e5dde6116ea8-bkimg-process,v_1,rw_189,rh_259,maxl_519	233x320
information-systems-research	en.wikipedia	fair-use cover thumbnail	https://upload.wikimedia.org/wikipedia/en/5/55/Cover_Information_Systems_Research.gif	250x320
informs-journal-on-computing	peeref.com (fair-use cover thumbnail)	fair-use cover thumbnail	https://peeref-open.s3.amazonaws.com/storage/images/covers/3576.jpg	219x320
inquiry-into-economic-issues	Publisher:维普 cqvip (经济问题探索)	Publisher:cqvip	http://image.cqvip.com/vip1000/qkclearimg/95595x/95595x.jpg	230x320
international-economic-review	Publisher:Wiley (media CDN)	publisher cover (fair-use)	https://media.wiley.com/journal/14682354-cover.jpg	244x320
international-economic-review-cn	Publisher:维普 cqvip (国际经济评论)	Publisher:cqvip	http://image.cqvip.com/vip1000/qkclearimg/90440x/90440x.jpg	230x320
international-economics-and-trade-research	Publisher:维普 cqvip (国际经贸探索)	Publisher:cqvip http://image.cqvip.com/vip1000/qkclearimg/97153x/97153x.jpg	/tmp/cov_97153x_big.png	230x320
international-organization	static.cambridge.org	fair-use cover thumbnail	https://static.cambridge.org/covers/INO_0_0_0/international_organization.jpg	213x320
inventiones-mathematicae	Wikipedia (en)	fair-use thumbnail	https://upload.wikimedia.org/wikipedia/en/2/20/InventMath.jpg	320x320
issues-in-agricultural-economy	Publisher:维普 cqvip (农业经济问题)	Publisher:cqvip	http://image.cqvip.com/vip1000/qkclearimg/96316x/96316x.jpg	230x320
jama	Wikipedia (en)	fair-use thumbnail	https://upload.wikimedia.org/wikipedia/en/3/3f/JAMA_Cover_Image.png	240x320
joule	Publisher:Elsevier	publisher cover (fair-use)	https://ars.els-cdn.com/content/image/X25424351.jpg	246x320
journal-of-accounting-and-economics	Publisher:Elsevier	publisher cover (fair-use)	https://ars.els-cdn.com/content/image/X01654101.jpg	235x320
journal-of-accounting-research	Publisher:Wiley (media CDN)	publisher cover (fair-use)	https://media.wiley.com/journal/1475679X-cover.jpg	216x320
journal-of-agrotechnical-economics	Publisher:维普 cqvip (农业技术经济)	Publisher:cqvip http://image.cqvip.com/vip1000/qkclearimg/90329x/90329x.jpg	/tmp/cov_90329x_big.png	230x320
journal-of-applied-econometrics	Publisher:Wiley (media CDN)	publisher cover (fair-use)	https://media.wiley.com/journal/10991255-cover.jpg	243x320
journal-of-banking-and-finance	Wikipedia (en)	fair-use thumbnail	https://upload.wikimedia.org/wikipedia/en/5/5c/Journal_of_Banking_and_Finance_cover.gif	238x320
journal-of-business-and-economic-statistics	peeref.com (fair-use cover thumbnail)	fair-use cover thumbnail	https://peeref-open.s3.amazonaws.com/storage/images/covers/4243.jpg	237x320
journal-of-business-economics	Publisher:维普 cqvip (商业经济与管理)	Publisher:cqvip	http://image.cqvip.com/vip1000/qkclearimg/94678x/94678x.jpg	230x320
journal-of-business-venturing	Publisher:Elsevier	publisher cover (fair-use)	https://ars.els-cdn.com/content/image/X08839026.jpg	235x320
journal-of-central-university-of-finance-and-economics	Publisher:维普 cqvip (中央财经大学学报)	Publisher:cqvip	http://image.cqvip.com/vip1000/qkclearimg/96720a/96720a.jpg	230x320
journal-of-clinical-investigation	Wikipedia (en)	fair-use thumbnail	https://upload.wikimedia.org/wikipedia/en/b/bc/Journal_of_Clinical_Investigation_sample_cover_image_%28August_2015%29.jpg	238x320
journal-of-clinical-oncology	Wikimedia Commons	CC (Commons)	https://upload.wikimedia.org/wikipedia/commons/6/6b/JCOSAMPLECOVER.jpg	240x320
journal-of-communication	OUP silverchair CDN	fair-use cover thumbnail	https://oup.silverchair-cdn.com/oup/backfile/Content_public/Journal/joc/Issue/75/5/2/m_jnlcom_75_5cover.jpeg?Expires=1836208196&Signature=ooOKUdsE8GNzr0PkurLWYNlrJCsdZDCTQMmX~dxDO~Iu3yvVy~ubtkw4LOY1p31UaBNGJkLOI8PlvEl9LuKW4yffUUePQL7WVoGV9~aNLi5pOZfDGE-gnAsvTR9FiNVl1MP4FE6XH8NGK4yz04Fj-rCdHx7L-q2RSN87ACdjKu~ZMPVUeAd3A1R91zzLsE7VMtPmVyR~fJ~eggc6bCTsRhmF6T5JVB~S1OQOC5zdZ7U200r7uu5JB7ehmG2x1U4dtgMH92nC3m4xG-BEBn8t6EpKyWGlKylnhXJJEQ6kzSXy1MD95K-ZFyIX3NbV7AW527nH6d-gbZc2o~7b~fNR3Q__&Key-Pair-Id=APKAIE5G5CRDK6RD3PGA	224x320
journal-of-consumer-psychology	Publisher:Wiley (media CDN)	publisher cover (fair-use)	https://media.wiley.com/journal/15327663-cover.jpg	243x320
journal-of-consumer-research	Publisher:Oxford (academic.oup.com/jcr)	publisher cover (fair-use)	https://academic.oup.com/jcr	242x320
journal-of-corporate-finance	Publisher:Elsevier	publisher cover (fair-use)	https://ars.els-cdn.com/content/image/X09291199.jpg	234x320
journal-of-development-economics	Wikipedia (en)	fair-use thumbnail	https://upload.wikimedia.org/wikipedia/en/0/0b/Journal_of_Development_Economics.gif	241x320
journal-of-econometrics	Publisher:Elsevier	publisher cover (fair-use)	https://ars.els-cdn.com/content/image/X03044076.jpg	234x320
journal-of-economic-behavior-and-organization	Publisher:Elsevier	publisher cover (fair-use)	https://ars.els-cdn.com/content/image/X01672681.jpg	234x320
journal-of-economic-geography	scholar9.com	fair-use cover thumbnail	https://scholar9.com/uploads/journalphotos/74dc45a78be058da5f51916b0248d062.jpeg	246x320
journal-of-economic-growth	Publisher:Springer	publisher cover (fair-use)	https://media.springernature.com/w580/springer-static/cover/journal/10887.jpg	210x320
journal-of-economic-literature	FIU Library (libapps S3)	fair-use cover thumbnail	https://s3.amazonaws.com/libapps/accounts/4266/images/journal_of_economic_literature.jpg	217x320
journal-of-economic-perspectives	Princeton Economics Dept	fair-use cover thumbnail	https://economics.princeton.edu/wp-content/uploads/2020/12/journalofeconomicperspectives.jpg	219x320
journal-of-economic-theory	Publisher:Elsevier	publisher cover (fair-use)	https://ars.els-cdn.com/content/image/X00220531.jpg	235x320
journal-of-empirical-finance	Publisher:Elsevier	publisher cover (fair-use)	https://ars.els-cdn.com/content/image/X09275398.jpg	218x320
journal-of-environmental-economics-and-management	Publisher:Elsevier	publisher cover (fair-use)	https://ars.els-cdn.com/content/image/X00950696.jpg	234x320
journal-of-experimental-medicine	Wikipedia (en)	fair-use thumbnail	https://upload.wikimedia.org/wikipedia/en/3/38/JEM_Sept_2010_cover.gif	247x320
journal-of-finance	Publisher:Wiley (media CDN)	publisher cover (fair-use)	https://media.wiley.com/journal/15406261-cover.jpg	222x320
journal-of-finance-and-economics	Publisher:维普 cqvip (财经研究)	Publisher:cqvip	http://image.cqvip.com/vip1000/qkclearimg/96218x/96218x.jpg	230x320
journal-of-financial-and-quantitative-analysis	Publisher:Cambridge (cambridge.org)	publisher cover (fair-use)	https://static.cambridge.org/covers/JFQ_0_0_0/journal_of%20financial%20and%20quantitative%20analysis.jpg	226x320
journal-of-financial-economics	Publisher:Elsevier	publisher cover (fair-use)	https://ars.els-cdn.com/content/image/X0304405X.jpg	240x320
journal-of-financial-intermediation	Publisher:Elsevier	publisher cover (fair-use)	https://ars.els-cdn.com/content/image/X10429573.jpg	240x320
journal-of-financial-markets	Publisher:Elsevier	publisher cover (fair-use)	https://ars.els-cdn.com/content/image/X13864181.jpg	235x320
journal-of-financial-research	Publisher:维普 cqvip (金融研究)	Publisher:cqvip	http://image.cqvip.com/vip1000/qkclearimg/97926x/97926x.jpg	230x320
journal-of-guangdong-university-of-finance-and-economics	Publisher:维普 cqvip (广东财经大学学报)	Publisher:cqvip	http://image.cqvip.com/vip1000/qkclearimg/83089a/83089a.jpg	230x320
journal-of-health-economics	Publisher:Elsevier	publisher cover (fair-use)	https://ars.els-cdn.com/content/image/X01676296.jpg	234x320
journal-of-human-resources	Publisher:UW Press (jhr.uwpress.org)	publisher cover (fair-use)	https://jhr.uwpress.org/content/current	214x320
journal-of-industrial-engineering-and-engineering-management	Publisher:维普 cqvip (管理工程学报)	Publisher:cqvip	http://image.cqvip.com/vip1000/qkclearimg/97777x/97777x.jpg	230x320
journal-of-international-business-studies	Wikipedia (en)	fair-use thumbnail	https://upload.wikimedia.org/wikipedia/en/1/1e/Jibs.gif	240x320
journal-of-international-economics	Publisher:Elsevier	publisher cover (fair-use)	https://ars.els-cdn.com/content/image/X00221996.jpg	235x320
journal-of-international-money-and-finance	Publisher:Elsevier	publisher cover (fair-use)	https://ars.els-cdn.com/content/image/X02615606.jpg	218x320
journal-of-international-trade	Publisher:维普 cqvip (国际贸易问题)	Publisher:cqvip	http://image.cqvip.com/vip1000/qkclearimg/96001x/96001x.jpg	230x320
journal-of-jiangxi-university-of-finance-and-economics	Publisher:维普 cqvip (江西财经大学学报)	Publisher:cqvip	http://image.cqvip.com/vip1000/qkclearimg/80754x/80754x.jpg	230x320
journal-of-labor-economics	xueshu.com	fair-use cover thumbnail	https://www.xueshu.com/upload/thumbnail/image/202407/17/24d22_efbe.jpg_290x390.jpg	238x320
journal-of-law-and-economics	xueshu.com	fair-use cover thumbnail	https://www.xueshu.com/upload/thumbnail/image/202407/17/188ab_7698.jpg_290x390.jpg	238x320
journal-of-law-economics-and-organization	Publisher:Oxford (academic.oup.com/jleo)	publisher cover (fair-use)	https://academic.oup.com/jleo	216x320
journal-of-machine-learning-research	jmlr.org (official logo)	official logo	https://www.jmlr.org/img/jmlr.jpg	240x320
journal-of-macro-quality-research	Publisher:维普 cqvip (宏观质量研究)	Publisher:cqvip	http://image.cqvip.com/vip1000/qkclearimg/71720x/71720x.jpg (upscaled to clear 6KB floor)	230x320
journal-of-management	Sage/SMA via Wayback Machine	fair-use cover thumbnail	https://web.archive.org/web/2id_/https://journals.sagepub.com/cms/asset/ee322bdb-a4b1-4cab-951a-b8e47738aa91/joma_51_5.largecover.png	221x320
journal-of-management-en	SAGE cover via mysubs.in	fair-use cover thumbnail	https://mysubs.in/wp-content/uploads/journal-of-management-journal-subscription-11-Dec-2019.png	219x320
journal-of-management-information-systems	peeref.com (fair-use cover thumbnail)	fair-use cover thumbnail	https://peeref-open.s3.amazonaws.com/storage/images/covers/4756.jpg	224x320
journal-of-management-sciences-china	Publisher:维普 cqvip (管理科学学报)	Publisher:cqvip	http://image.cqvip.com/vip1000/qkclearimg/90905x/90905x.jpg	230x320
journal-of-management-studies	Publisher:Wiley (media CDN)	publisher cover (fair-use)	https://media.wiley.com/journal/14676486-cover.jpg	223x320
journal-of-marketing	mysubs.in (SAGE cover)	fair-use cover thumbnail	https://mysubs.in/wp-content/uploads/journal-of-marketing-journal-subscription-11-Dec-2019.png	250x320
journal-of-marketing-research	mysubs.in (SAGE cover)	fair-use cover thumbnail	https://mysubs.in/wp-content/uploads/journal-of-marketing-research-journal-subscription-30-Oct-2019.png	251x320
journal-of-marriage-and-family	Wiley media CDN	fair-use cover thumbnail	https://media.wiley.com/journal/17413737-cover.jpg	243x320
journal-of-monetary-economics	Publisher:Elsevier	publisher cover (fair-use)	https://ars.els-cdn.com/content/image/X03043932.jpg	235x320
journal-of-money-credit-and-banking	Wikipedia (fair-use): Journal of Money, Credit and Banking.jpg	fair-use cover	https://en.wikipedia.org/wiki/Special:FilePath/Journal_of_Money,_Credit_and_Banking.jpg	218x320
journal-of-operations-management	Wikipedia (en)	fair-use thumbnail	https://upload.wikimedia.org/wikipedia/en/6/62/2023_cover_JOM.webp	243x320
journal-of-personality-and-social-psychology	American Psychological Association journal page	fair-use cover thumbnail	https://www.apa.org/pubs/journals/psp/	204x320
journal-of-political-economy	xueshu.com	fair-use cover thumbnail	https://www.xueshu.com/upload/thumbnail/image/202407/22/186ad_e0b6.jpg_290x390.jpg	238x320
journal-of-politics	Notre Dame Political Science (JOP cover)	fair-use cover thumbnail	https://politicalscience.nd.edu/assets/602374/600x900/jop_jeffrey_harden_2_.jpeg	213x320
journal-of-public-economics	Publisher:Elsevier	publisher cover (fair-use)	https://ars.els-cdn.com/content/image/X00472727.jpg	240x320
journal-of-public-management	Publisher:维普 cqvip (公共管理学报)	Publisher:cqvip	http://image.cqvip.com/vip1000/qkclearimg/87267x/87267x.jpg	230x320
journal-of-quantitative-technological-economics	Publisher:维普 cqvip (数量经济技术经济研究)	Publisher:cqvip	http://image.cqvip.com/vip1000/qkclearimg/94503x/94503x.jpg	230x320
journal-of-risk-and-uncertainty	Publisher:Springer	Publisher:Springer	https://media.springernature.com/w316/springer-static/cover-hires/journal/11166	212x320
journal-of-shanghai-university-of-finance-and-economics	Publisher:维普 cqvip (上海财经大学学报)	Publisher:cqvip	http://image.cqvip.com/vip1000/qkclearimg/80408a/80408a.jpg (upscaled to clear 6KB floor)	230x320
journal-of-shanxi-university-of-finance-and-economics	Publisher:维普 cqvip (山西财经大学学报)	Publisher:cqvip	http://image.cqvip.com/vip1000/qkclearimg/96461a/96461a.jpg	230x320
journal-of-the-academy-of-marketing-science	Springer (cover-hires)	fair-use cover thumbnail	https://media.springernature.com/w316/springer-static/cover-hires/journal/11747	241x320
journal-of-the-american-academy-of-religion	OUP silverchair CDN	fair-use cover thumbnail	https://oup.silverchair-cdn.com/oup/backfile/Content_public/Journal/jaar/Issue/93/1/2/m_jaarel_93_1cover.jpeg?Expires=1830754959&Signature=hOL1KeRZhQ7SO4Iz~UCUGaOFqciVsY5lbpjcpSpKgCiBm3rMxFgmCC8eLQucFYRLUsmAKcDzzlrhWy7ZfOXgGqooPJZkjjxfVYO5MCflxRSZsXxXetafttyBzt2M6euwvfqhzBF~BF-CzGruRAP28UBR~wuu5ALjztqmCyWpQpgs2whVevAkU-TsNfjq7KLNRJPlNuM7ztbkd4dfw~ClvDBBihuCh1kEXo3f9HSVoArHUS-MrdmXliMIdKLq0yF38fxsBXJCe-XTAOTneOxtSEGyVKsyzRQtT0e714GTaYfdLXuSLRg4~Ngd4zx1uvQq7oucM2KIq6Ph1EpjYgpSng__&Key-Pair-Id=APKAIE5G5CRDK6RD3PGA	213x320
journal-of-the-american-chemical-society	Wikipedia (en)	fair-use thumbnail	https://upload.wikimedia.org/wikipedia/en/0/0b/2009_Cover_Journal_of_the_American_Chemical_Society.jpg	243x320
journal-of-the-american-college-of-cardiology	Wikipedia (en)	fair-use thumbnail	https://upload.wikimedia.org/wikipedia/en/c/cb/Journal_of_the_American_College_of_Cardiology.gif	239x320
journal-of-the-american-mathematical-society	Wikipedia (en)	fair-use thumbnail	https://upload.wikimedia.org/wikipedia/en/7/7e/Journal_AMS.jpg	213x320
journal-of-the-association-for-information-systems	aisel.aisnet.org (official JAIS logo)	official logo	https://aisel.aisnet.org/homepage_gallery/1011/fullsize.jpg	240x320
journal-of-the-european-economic-association	Wikipedia (en)	fair-use thumbnail	https://upload.wikimedia.org/wikipedia/en/5/51/Joteealowres.gif	203x320
journal-of-urban-economics	Publisher:Elsevier	publisher cover (fair-use)	https://ars.els-cdn.com/content/image/X00941190.jpg	240x320
journal-of-world-economy	Publisher:维普 cqvip (世界经济)	Publisher:cqvip	http://image.cqvip.com/vip1000/qkclearimg/92713x/92713x.jpg	230x320
journal-of-zhongnan-university-of-economics-and-law	Publisher:NCPSSD 国家哲学社会科学文献中心 (中南财经政法大学学报)	Publisher:ncpssd	https://ft.ncpssd.cn/image/get/qwcover/2026/1/95622A.jpg	236x320
lancet	Wikipedia (en)	fair-use thumbnail	https://upload.wikimedia.org/wikipedia/en/3/38/The_Lancet_cover%2C_2_March_2019.jpg	238x320
macroeconomics	Publisher:维普 cqvip (宏观经济研究)	Publisher:cqvip	http://image.cqvip.com/vip1000/qkclearimg/96811b/96811b.jpg	230x320
management-review	Publisher:维普 cqvip (管理评论)	Publisher:cqvip	http://image.cqvip.com/vip1000/qkclearimg/96815a/96815a.jpg	230x320
management-science	pubsonline.informs.org (Wayback proxy)	fair-use cover thumbnail	https://web.archive.org/web/2id_/https://pubsonline.informs.org/cms/10.1287/mnsc.2022.68.issue-11/asset/1647f743-0d16-7f74-60d1-47f74360d164/cover.png	239x320
management-science-cn	Publisher:维普 cqvip (管理科学/哈工大)	Publisher:cqvip	http://image.cqvip.com/vip1000/qkclearimg/96668a/96668a.jpg	230x320
management-world	Publisher:维普 cqvip (管理世界)	Publisher:cqvip	http://image.cqvip.com/vip1000/qkclearimg/95499x/95499x.jpg	230x320
manufacturing-and-service-operations-management	Wikipedia (en)	fair-use thumbnail	https://upload.wikimedia.org/wikipedia/en/5/57/MSOM_Cover.jpg	242x320
marketing-science	EBSCO Flipster	fair-use cover thumbnail	https://rps2images.ebscohost.com/rpsweb/othumb?id=EN$4488352$CVR&s=l	239x320
mathematical-finance	Publisher:Wiley (media CDN)	publisher cover (fair-use)	https://media.wiley.com/journal/14679965-cover.jpg	244x320
mind	OUP silverchair CDN	fair-use cover thumbnail	https://oup.silverchair-cdn.com/oup/backfile/Content_public/Journal/mind/Issue/133/530/1/m_cover.jpeg?Expires=1790666614&Signature=T4x6MmX0QoWhG-5KOtXrbqbIw7L2E3X~QCqxik7O2xay~zxyicWE68ggpV2RO4ufoP5ZiIxMM1OyeLanY17PVgDf3apf2rBOo5pX9HZ5FpIfLPF0plXu7M10lrt4y1lB2BBX19cFRJQX7wqepuwgsyfnm74RJ0wljC0lv3fxKGe0DJj1cG3pMAtzb5oDvw6To5~2-d7At2~8v7nTDVKEr46rPFIikOiyxWHpLPpRsVOFwP9XTxC94Q6dOadNEiNMYZt5w0GtfJ6h35~qi~X0Y7Dm27z53z2hOrQt5OaJWzPFoLDTP8HHIEICPR6jcAxweOb6m-lLNus5OfBodG28pg__&Key-Pair-Id=APKAIE5G5CRDK6RD3PGA	212x320
mis-quarterly	en.wikipedia	fair-use cover thumbnail	https://upload.wikimedia.org/wikipedia/en/3/3c/MIS_Quarterly_low_res_cover.jpg	261x320
modern-economic-research	Publisher:维普 cqvip (现代经济探讨)	Publisher:cqvip	http://image.cqvip.com/vip1000/qkclearimg/96782a/96782a.jpg (upscaled to clear 6KB floor)	230x320
modern-economic-science	Publisher:维普 cqvip (当代经济科学)	Publisher:cqvip	http://image.cqvip.com/vip1000/qkclearimg/96310x/96310x.jpg	230x320
modern-finance-and-economics	Publisher:维普 cqvip (现代财经-天津财经大学学报)	Publisher:cqvip	http://image.cqvip.com/vip1000/qkclearimg/96801a/96801a.jpg	230x320
modern-financial-research	Publisher:eshukan 万维书刊 (现代金融研究, 原金融论坛, 2024更名)	Publisher:eshukan thumbnail (visually verified current title)	https://www.eshukan.com/upfiles/jpic/20250701152502145.jpg	234x320
molecular-biology-and-evolution	Wikimedia Commons	CC (Commons)	https://upload.wikimedia.org/wikipedia/commons/thumb/8/8f/MBE_Cover_Jan_2024.pdf/page1-960px-MBE_Cover_Jan_2024.pdf.jpg	237x320
molecular-cell	Publisher:Elsevier	publisher cover (fair-use)	https://ars.els-cdn.com/content/image/X10972765.jpg	246x320
molecular-psychiatry	Wikipedia (en)	fair-use thumbnail	https://upload.wikimedia.org/wikipedia/en/e/e3/Molecular_Psychiatry_%28cover%29.gif	240x320
monthly-notices-of-the-royal-astronomical-society	scholar9.com	fair-use cover thumbnail	https://scholar9.com/uploads/journalphotos/cb462f3bf784509816c946bff6d4d084.jpeg	244x320
nankai-business-review	Publisher:维普 cqvip (南开管理评论)	Publisher:cqvip	http://image.cqvip.com/vip1000/qkclearimg/81584x/81584x.jpg	230x320
nankai-economic-studies	Publisher:维普 cqvip (南开经济研究)	Publisher:cqvip	http://image.cqvip.com/vip1000/qkclearimg/96678x/96678x.jpg	230x320
national-science-review	Publisher:Oxford University Press (NSR)	Publisher:OUP	https://academic.oup.com/nsr (silverchair-cdn m_cover.jpeg, signed URL)	243x320
nature	Wikimedia Commons	CC (Commons)	https://upload.wikimedia.org/wikipedia/commons/2/21/Nature_volume_536_number_7617_cover_displaying_an_artist%E2%80%99s_impression_of_Proxima_Centauri_b.jpg	242x320
nature-astronomy	Wikipedia (en)	fair-use thumbnail	https://upload.wikimedia.org/wikipedia/en/6/62/Nature_Astronomy_journal_cover_volume_1_issue_1.png	244x320
nature-biotechnology	Wikipedia (en)	fair-use thumbnail	https://upload.wikimedia.org/wikipedia/en/f/f8/Nature_Biotechnology.gif	248x320
nature-catalysis	Wikipedia/en	fair-use thumbnail	https://upload.wikimedia.org/wikipedia/en/3/35/Nature_Catalysis_cover.png	241x320
nature-cell-biology	Wikipedia/en	fair-use thumbnail	https://upload.wikimedia.org/wikipedia/en/c/c7/Nature_Cell_Biology_%28cover%29.gif	243x320
nature-chemistry	Wikipedia/en	fair-use thumbnail	https://upload.wikimedia.org/wikipedia/en/8/87/Nature_chemistry_home_page_cover_image.gif	243x320
nature-climate-change	Wikipedia/en	fair-use thumbnail	https://upload.wikimedia.org/wikipedia/en/8/86/Nature_Climate_Change.png	243x320
nature-communications	Wikipedia/en	fair-use thumbnail	https://upload.wikimedia.org/wikipedia/en/b/bf/Nature_Communications_-_Journal_Cover.jpg	241x320
nature-ecology-and-evolution	Wikipedia/en	fair-use thumbnail	https://upload.wikimedia.org/wikipedia/en/2/20/Nature_Ecology_and_Evolution_cover.png	241x320
nature-energy	Wikipedia/en	fair-use thumbnail	https://upload.wikimedia.org/wikipedia/en/3/3e/Nature_Energy_journal_cover_volume_1_issue_1.png	243x320
nature-genetics	Wikipedia/en	fair-use thumbnail	https://upload.wikimedia.org/wikipedia/en/7/70/Nature_Genetics.gif	242x320
nature-geoscience	Wikipedia/en	fair-use thumbnail	https://upload.wikimedia.org/wikipedia/en/7/74/Nature_Geoscience_cover.gif	243x320
nature-human-behaviour	Wikipedia/en	fair-use thumbnail	https://upload.wikimedia.org/wikipedia/en/3/30/Nature_Human_Behaviour_journal_cover_volume_2_issue_1.png	241x320
nature-immunology	Wikipedia/en	fair-use thumbnail	https://upload.wikimedia.org/wikipedia/en/8/80/Nature_Immunology_journal_cover_volume_2_issue_1.png	240x320
nature-machine-intelligence	Wikipedia/en	fair-use thumbnail	https://upload.wikimedia.org/wikipedia/en/9/96/Nature_Machine_Intelligence_journal_cover_volume_1_issue_1.png	241x320
nature-materials	Wikimedia Commons	CC (Commons)	https://upload.wikimedia.org/wikipedia/commons/2/2f/Nature_Materials_Nov_2008.jpg	243x320
nature-medicine	Wikipedia/en	fair-use thumbnail	https://upload.wikimedia.org/wikipedia/en/e/e3/Nature_Medicine_cover_%28Dec_2020%29.png	241x320
nature-methods	Wikipedia/en	fair-use thumbnail	https://upload.wikimedia.org/wikipedia/en/8/8d/Nature_Methods_journal_cover_volume_18_issue_12.png	241x320
nature-microbiology	Wikipedia/en	fair-use thumbnail	https://upload.wikimedia.org/wikipedia/en/4/42/Nature_Microbiology_journal_cover_volume_1_issue_1.png	243x320
nature-nanotechnology	Wikipedia/en	fair-use thumbnail	https://upload.wikimedia.org/wikipedia/en/4/44/NNano_cover.gif	243x320
nature-neuroscience	Wikipedia/en	fair-use thumbnail	https://upload.wikimedia.org/wikipedia/en/b/bc/Nature_Neuroscience.gif	244x320
nature-photonics	Wikipedia/en	fair-use thumbnail	https://upload.wikimedia.org/wikipedia/en/1/12/Naturephotonics.gif	243x320
nature-physics	Wikipedia/en	fair-use thumbnail	https://upload.wikimedia.org/wikipedia/en/d/de/Naturephysics.gif	243x320
nature-structural-and-molecular-biology	Wikipedia/en	fair-use thumbnail	https://upload.wikimedia.org/wikipedia/en/f/f0/Nat_Struct_Mol_Biol_cover_%28Jan_2022%29.png	241x320
nature-sustainability	Wikipedia/en	fair-use thumbnail	https://upload.wikimedia.org/wikipedia/en/3/3d/Nature_Sustainability_journal_cover_volume_1_issue_1.png	241x320
nejm	Wikimedia Commons	CC (Commons) historical-1928-cover	https://upload.wikimedia.org/wikipedia/commons/6/62/The_New_England_Journal_of_Medicine_%28cover%29_%E2%80%93_23_February_1928.jpg	247x320
neuron	Wikipedia/en	fair-use thumbnail	https://upload.wikimedia.org/wikipedia/en/7/7b/NEURONcover.png	245x320
nucleic-acids-research	Wikipedia/en	fair-use thumbnail	https://upload.wikimedia.org/wikipedia/en/5/5a/Cover_Nucleic_Acids_Research_v33i12_small.gif	245x320
one-earth	Publisher:Elsevier	publisher cover (fair-use)	https://ars.els-cdn.com/content/image/X25903322.jpg	246x320
operations-research	peeref.com (fair-use cover thumbnail)	fair-use cover thumbnail	https://peeref-open.s3.amazonaws.com/storage/images/covers/6370.jpg	267x320
organization-and-management	airitilibrary.com (《组织与管理》台湾组织与管理学会)	fair-use cover thumbnail	https://www.airitilibrary.com/jnltitledo/a0000482-c.jpg	267x320
organization-science	EBSCO Flipster	fair-use cover thumbnail	https://rps2images.ebscohost.com/rpsweb/othumb?id=EN$4507637$CVR&s=l	239x320
organization-studies	mysubs.in (SAGE cover)	fair-use cover thumbnail	https://mysubs.in/wp-content/uploads/organization-studies-journal-subscription-09-Dec-2019.png	222x320
physical-review-b	Wikimedia Commons	CC (Commons)	https://upload.wikimedia.org/wikipedia/commons/3/35/Image_of_front_cover_of_the_journal_Physical_Review_B.jpg	247x320
physical-review-d	peeref.com (fair-use cover thumbnail)	fair-use cover thumbnail	https://peeref-open.s3.amazonaws.com/storage/images/covers/10120.jpg	264x320
physical-review-letters	peeref.com (PRL cover)	fair-use cover thumbnail	https://peeref-open.s3.amazonaws.com/storage/images/covers/6658.jpg	264x320
physical-review-x	peeref.com (fair-use cover thumbnail)	fair-use cover thumbnail	https://peeref-open.s3.amazonaws.com/storage/images/covers/8949.jpg	320x320
plos-biology	Wikimedia Commons	CC (Commons)	https://upload.wikimedia.org/wikipedia/commons/thumb/9/9c/PLoS_Biology_cover_April_2009.svg/960px-PLoS_Biology_cover_April_2009.svg.png	242x320
plos-medicine	Wikimedia Commons	CC (Commons)	https://upload.wikimedia.org/wikipedia/commons/7/7e/PLOS_Medicine_Postcard.JPG	233x320
pmla	Cambridge Core journal page	fair-use cover thumbnail	https://www.cambridge.org/core/journals/pmla	228x320
pnas	Wikipedia/en	fair-use thumbnail	https://upload.wikimedia.org/wikipedia/en/9/9a/PNAS_cover.png	239x320
production-and-operations-management	Publisher:Wiley (media CDN)	publisher cover (fair-use)	https://media.wiley.com/journal/19375956-cover.jpg	244x320
prx-quantum	APS journals.aps.org/prxquantum/covers	fair-use cover thumbnail	https://cdn.journals.aps.org/test/82bfc570-0af5-4ea0-9291-2e9419e51242/PRXQcover-v5-2.png	229x320
psychological-bulletin	American Psychological Association journal page	fair-use cover thumbnail	https://www.apa.org/pubs/journals/bul/	240x320
psychological-science	Sage CDN via Wayback (Psych Science)	fair-use cover thumbnail	https://web.archive.org/web/2id_/https://journals.sagepub.com/cms/asset/e69176c9-4655-46a2-b9f3-c869161f49aa/pssa_36_8.largecover.png	246x320
public-administration-and-policy-review	Publisher:维普 cqvip (公共管理与政策评论)	Publisher:cqvip	http://image.cqvip.com/vip1000/qkclearimg/71599x/71599x.jpg	230x320
public-finance-research	Publisher:维普 cqvip (财政研究)	Publisher:cqvip	http://image.cqvip.com/vip1000/qkclearimg/96682x/96682x.jpg	230x320
public-opinion-quarterly	en.wikipedia	fair-use cover thumbnail	https://upload.wikimedia.org/wikipedia/en/d/d0/Public_Opinion_Quarterly%2C_vol._89%2C_no._2%2C_2025_cover.jpeg	213x320
quantitative-economics	Publisher:Wiley (media CDN)	publisher cover (fair-use)	https://media.wiley.com/journal/17597331-cover.jpg	222x320
quarterly-journal-of-economics	en.wikipedia	fair-use cover thumbnail	https://upload.wikimedia.org/wikipedia/en/thumb/4/45/Qjoelowres.jpg/250px-Qjoelowres.jpg	213x320
rand-journal-of-economics	Publisher:Wiley (media CDN)	publisher cover (fair-use)	https://media.wiley.com/journal/17562171-cover.jpg	244x320
reform	Publisher:维普 cqvip (改革)	Publisher:cqvip	http://image.cqvip.com/vip1000/qkclearimg/94534x/94534x.jpg	230x320
reform-of-economic-system	Publisher:维普 cqvip (经济体制改革)	Publisher:cqvip	http://image.cqvip.com/vip1000/qkclearimg/91904x/91904x.jpg	230x320
reports-on-progress-in-physics	peeref.com (fair-use cover thumbnail)	fair-use cover thumbnail	https://peeref-open.s3.amazonaws.com/storage/images/covers/7137.jpg	225x320
research-and-development-management	Publisher:维普 cqvip (研究与发展管理)	Publisher:cqvip	http://image.cqvip.com/vip/qkclearimg/81062x/81062x2018006f0001.jpg	230x320
research-on-economics-and-management	Publisher:经济与管理研究官网 首都经济贸易大学 (经济与管理研究)	Publisher:official site	https://rem.cueb.edu.cn/images/2026-03/52d166060f31488da25d8ae18f065628.jpg	236x320
research-on-financial-and-economic-issues	Publisher:维普 cqvip (财经问题研究)	Publisher:cqvip	http://image.cqvip.com/vip1000/qkclearimg/95598x/95598x.jpg	230x320
research-policy	Wikipedia/en	fair-use thumbnail	https://upload.wikimedia.org/wikipedia/en/a/a4/Research_Policy_Cover.png	237x320
review-of-accounting-studies	Springer (cover-hires)	fair-use cover thumbnail	https://media.springernature.com/w316/springer-static/cover-hires/journal/11142	211x320
review-of-economic-dynamics	Publisher:Elsevier	publisher cover (fair-use)	https://ars.els-cdn.com/content/image/X10942025.jpg	235x320
review-of-economic-studies	scholar9.com	fair-use cover thumbnail	https://scholar9.com/uploads/journalphotos/19bbb55d3d08e8d897c2d69692edcbc8.jpeg	246x320
review-of-economics-and-statistics	scholar9.com	fair-use cover thumbnail	https://scholar9.com/uploads/journalphotos/af1ef5951e9f824a6d3637601f8c963f.jpg	237x320
review-of-finance	Wikimedia Commons	fair-use cover thumbnail	https://en.wikipedia.org/wiki/Special:FilePath/2023%20cover%20Rev%20Finance.jpeg	213x320
review-of-financial-studies	scholar9.com	fair-use cover thumbnail	https://scholar9.com/uploads/journalphotos/a016c7a31b119f148bac7590092314db.jpeg	212x320
review-of-political-economy	xueshu.com (《政治经济学评论》2024-3)	fair-use cover thumbnail	https://www.xueshu.com/upload/thumbnail/image/202411/12/38e31_73f5.jpg_290x390.jpg	238x320
reviews-of-modern-physics	peeref.com (RMP cover)	fair-use cover thumbnail	https://peeref-open.s3.amazonaws.com/storage/images/covers/7195.jpg	241x320
rural-economy	Publisher:维普 cqvip (农村经济)	Publisher:cqvip	http://image.cqvip.com/vip1000/qkclearimg/81795x/81795x.jpg	230x320
science	Wikimedia Commons	CC (Commons); historical Vol.1 1880 title page	/tmp/covdl/science.jpg	234x320
science-advances	wikipedia/en	fair-use thumbnail	/tmp/covdl/science-advances.gif	252x320
science-and-technology-progress-and-policy	Publisher:维普 cqvip (科技进步与对策)	Publisher:cqvip	http://image.cqvip.com/vip1000/qkclearimg/90284x/90284x.jpg	230x320
science-immunology	wikipedia/en	fair-use thumbnail	/tmp/covdl/science-immunology.jpg	252x320
science-of-science-and-management-of-st	Publisher:维普 cqvip (科学学与科学技术管理)	Publisher:cqvip	http://image.cqvip.com/vip1000/qkclearimg/95119x/95119x.jpg	230x320
science-research-management	Publisher:维普 cqvip (科研管理)	Publisher:cqvip	http://image.cqvip.com/vip1000/qkclearimg/95604x/95604x.jpg	230x320
science-robotics	wikipedia/en	fair-use thumbnail	/tmp/covdl/science-robotics.gif	250x320
science-translational-medicine	Wikimedia Commons	CC (Commons)	/tmp/covdl/science-translational-medicine.jpg	252x320
scientific-decision-making	Publisher:维普 cqvip (科学决策)	Publisher:cqvip	http://image.cqvip.com/vip1000/qkclearimg/81696x/81696x.jpg	230x320
scientific-management-research	Publisher:维普 cqvip (科学管理研究)	Publisher:cqvip	http://image.cqvip.com/vip1000/qkclearimg/95997x/95997x.jpg	230x320
securities-market-herald	Publisher:维普 cqvip (证券市场导报)	Publisher:cqvip	http://image.cqvip.com/vip1000/qkclearimg/81567x/81567x.jpg	230x320
shanghai-journal-of-economics	Publisher:维普 cqvip (上海经济研究)	Publisher:cqvip	http://image.cqvip.com/vip1000/qkclearimg/97983x/97983x.jpg	230x320
social-forces	Wikipedia (Social Forces vol.94 iss.1)	fair-use cover thumbnail	https://upload.wikimedia.org/wikipedia/en/8/89/Cover_of_Social_Forces%2C_Volume_94%2C_Issue_1.jpg	238x320
social-psychology-quarterly	mysubs.in (SAGE cover)	fair-use cover thumbnail	https://mysubs.in/wp-content/uploads/social-psychology-quarterly-journal-subscription-23-Nov-2019.png	221x320
social-sciences-in-china	Publisher:维普 cqvip (中国社会科学)	Publisher:cqvip	http://image.cqvip.com/vip1000/qkclearimg/81908x/81908x.jpg	230x320
social-security-studies	Publisher:维普 cqvip (社会保障研究)	Publisher:cqvip	http://image.cqvip.com/vip1000/qkclearimg/89528x/89528x.jpg	230x320
sociological-studies	Publisher:维普 cqvip (社会学研究)	Publisher:cqvip	http://image.cqvip.com/vip1000/qkclearimg/80772x/80772x.jpg	230x320
soft-science	Publisher:维普 cqvip (软科学)	Publisher:cqvip	http://image.cqvip.com/vip1000/qkclearimg/92359x/92359x.jpg	230x320
south-china-journal-of-economics	Publisher:维普 cqvip (南方经济)	Publisher:cqvip	http://image.cqvip.com/vip1000/qkclearimg/90883x/90883x.jpg	230x320
strategic-management-journal	Publisher:Wiley (media CDN)	publisher cover (fair-use)	https://media.wiley.com/journal/10970266-cover.jpg	223x320
studies-in-labor-economics	Publisher:维普 cqvip (劳动经济研究)	Publisher:cqvip	http://image.cqvip.com/vip1000/qkclearimg/60089x/60089x.jpg	230x320
studies-in-science-of-science	Publisher:维普 cqvip (科学学研究)	Publisher:cqvip	http://image.cqvip.com/vip1000/qkclearimg/93202x/93202x.jpg	230x320
studies-of-financial-economics	Publisher:维普 cqvip (财经理论与实践)	Publisher:cqvip	http://image.cqvip.com/vip1000/qkclearimg/96431x/96431x.jpg	230x320
studies-of-international-finance	Publisher:维普 cqvip (国际金融研究)	Publisher:cqvip	http://image.cqvip.com/vip1000/qkclearimg/98100x/98100x.jpg	230x320
systems-engineering-theory-and-practice	Publisher:维普 cqvip (系统工程理论与实践)	Publisher:cqvip	http://image.cqvip.com/vip1000/qkclearimg/95538x/95538x.jpg	230x320
tax-research	Publisher:维普 cqvip (税务研究)	Publisher:cqvip	http://image.cqvip.com/vip1000/qkclearimg/80935x/80935x.jpg	230x320
the-accounting-review	en.wikipedia	fair-use cover thumbnail	https://upload.wikimedia.org/wikipedia/en/thumb/1/10/The_Accounting_Review_%28academic_journal%29.gif/250px-The_Accounting_Review_%28academic_journal%29.gif.png	225x320
the-art-bulletin	Taylor & Francis (CAA) via Wayback	fair-use cover thumbnail	https://web.archive.org/web/2id_/https://www.tandfonline.com/cms/asset/6cd56cf0-ea24-41a7-8190-47c872b60481/rcab20.v106.i01.cover.jpg	253x320
the-astrophysical-journal	peeref.com (fair-use cover thumbnail)	fair-use cover thumbnail	https://peeref-open.s3.amazonaws.com/storage/images/covers/937.jpg	246x320
the-bmj	wikipedia/en	fair-use thumbnail	/tmp/covdl/the-bmj.jpg	242x320
the-econometrics-journal	peeref.com (fair-use cover thumbnail)	fair-use cover thumbnail	https://peeref-open.s3.amazonaws.com/storage/images/covers/2420.jpg	222x320
the-economic-journal	Publisher:Wiley (media CDN, legacy)	publisher cover (fair-use)	https://media.wiley.com/journal/14680297-cover.jpg	221x320
the-embo-journal	wikipedia/en	fair-use thumbnail	/tmp/covdl/the-embo-journal.png	243x320
the-innovation	Publisher:Elsevier	publisher cover (fair-use)	https://ars.els-cdn.com/content/image/X26666758.jpg	246x320
the-lancet-infectious-diseases	Publisher:Elsevier (The Lancet)	publisher cover (fair-use)	https://ars.els-cdn.com/content/image/X14733099.jpg	238x320
the-lancet-neurology	Publisher:Elsevier (The Lancet)	publisher cover (fair-use)	https://ars.els-cdn.com/content/image/X14744422.jpg	238x320
the-lancet-oncology	Publisher:Elsevier (The Lancet)	publisher cover (fair-use)	https://ars.els-cdn.com/content/image/X14702045.jpg	238x320
the-plant-cell	wikipedia/en	fair-use thumbnail	/tmp/covdl/the-plant-cell.jpg	246x320
trends-in-cognitive-sciences	Publisher:Elsevier	publisher cover (fair-use)	https://ars.els-cdn.com/content/image/X13646613.jpg	246x320
world-bank-economic-review	scholar9.com	fair-use cover thumbnail	https://scholar9.com/uploads/journalphotos/05d04811340b131827e4461ac0f2929d.jpeg	222x320
world-development	Publisher:Elsevier	publisher cover (fair-use)	https://ars.els-cdn.com/content/image/X0305750X.jpg	240x320
world-economic-papers	Publisher:世界经济文汇官网 复旦大学 (世界经济文汇)	Publisher:official site	http://sjjjwh.magtech.com.cn/fileup/0488-6364/COVER/20241224143118.png	229x320
world-economic-studies	Publisher:维普 cqvip (世界经济研究)	Publisher:cqvip	http://image.cqvip.com/vip1000/qkclearimg/91453x/91453x.jpg	230x320
world-politics	static.cambridge.org	fair-use cover thumbnail	https://static.cambridge.org/covers/WPO_0_0_0/world_politics.jpg	212x320
journal-of-high-energy-physics	Wikipedia (en) infobox cover	fair-use cover thumbnail	https://upload.wikimedia.org/wikipedia/en/e/e9/JHEP_webcover.jpg	224x320
new-journal-of-physics	Wikipedia (en) infobox cover	fair-use cover thumbnail	https://upload.wikimedia.org/wikipedia/en/3/37/New_Journal_of_Physics.gif	221x320
nature-reviews-physics	Wikipedia (en) infobox cover	fair-use cover thumbnail	https://upload.wikimedia.org/wikipedia/en/1/14/Nature_Reviews_Physics_journal_cover_volume_4_issue_1.png	239x320
living-reviews-in-relativity	link.springer.com journal cover (og:image)	fair-use cover thumbnail	https://media.springernature.com/w300/springer-static/cover/journal/41114.jpg	241x320
physics-reports	Elsevier shop journal cover (og:image, ISSN 0370-1573)	fair-use cover thumbnail	https://secure-ecsd.elsevier.com/covers/80/Tango2/largest/03701573.jpg	235x320
classical-and-quantum-gravity	Wikipedia (en) infobox cover (File:Classical_and_Quantum_Gravity.gif, re-encoded PNG)	fair-use cover thumbnail	https://upload.wikimedia.org/wikipedia/en/e/e2/Classical_and_Quantum_Gravity.gif	222x320
astronomy-and-astrophysics	Wikipedia (en) infobox cover	fair-use cover thumbnail	https://upload.wikimedia.org/wikipedia/commons/thumb/1/10/A%26A_Cover_Vol.584_II.jpg/500px-A%26A_Cover_Vol.584_II.jpg	240x320
annual-review-of-astronomy-and-astrophysics	Wikipedia (en) infobox cover	fair-use cover thumbnail	https://upload.wikimedia.org/wikipedia/en/f/f6/Annual_Review_of_Astronomy_and_Astrophysics_cover.png	320x168
the-astronomical-journal	Wikipedia (en) infobox cover	fair-use cover thumbnail	https://upload.wikimedia.org/wikipedia/en/1/1a/Astronomical_Journal_Cover.jpg	248x320
nature-synthesis	Springer Nature cover-hires CDN (journal 44160 vol3 iss12)	fair-use cover thumbnail	https://media.springernature.com/full/springer-static/cover-hires/journal/44160/3/12	241x320
nature-reviews-chemistry	Springer Nature cover-hires CDN (journal 41570 vol9 iss12)	fair-use cover thumbnail	https://media.springernature.com/full/springer-static/cover-hires/journal/41570/9/12	236x320
astrophysical-journal-letters	IOPscience journal cover (cms.iopscience.org, ApJL 2041-8205)	fair-use cover thumbnail	https://cms.iopscience.org/23473afc-ec1f-11e5-b0b6-759f86a2008e/journal_cover?guest=true	247x320
acs-catalysis	Wikipedia (en) infobox cover	fair-use cover thumbnail	https://upload.wikimedia.org/wikipedia/en/8/88/ACS_Catalysis_%28scientific_journal%29.gif	248x320
acs-central-science	Wikipedia (en) infobox cover	fair-use cover thumbnail	https://upload.wikimedia.org/wikipedia/en/0/0d/ACS_Central_Science_Cover.jpg	240x320
nature-reviews-materials	Wikipedia (en) infobox cover	fair-use cover thumbnail	https://upload.wikimedia.org/wikipedia/en/6/62/Nature_Reviews_Materials_June_2019.png	232x320
advanced-energy-materials	Wikipedia (en) infobox cover	fair-use cover thumbnail	https://upload.wikimedia.org/wikipedia/en/4/40/AENGMcover_2_11.jpg	240x320
acs-energy-letters	Wikipedia (en) infobox cover	fair-use cover thumbnail	https://upload.wikimedia.org/wikipedia/en/a/a7/ACS_Energy_Letters_cover.webp	240x320
npj-computational-materials	nature.com npj Computational Materials journal masthead (og:image)	fair-use journal masthead thumbnail	https://media.springernature.com/lw630/nature-cms/uploads/cms/pages/2875/top_item_image/computational_materials.jpg	320x91
annual-review-of-ecology-evolution-and-systematics	Wikipedia (en) infobox cover	fair-use cover thumbnail	https://upload.wikimedia.org/wikipedia/en/1/12/Annual_Review_of_Ecology%2C_Evolution%2C_and_Systematics_cover.png	320x168
functional-ecology	Wikipedia (en) infobox cover	fair-use cover thumbnail	https://upload.wikimedia.org/wikipedia/en/a/a3/Functional_Ecology_Vol_28_issue_1_cover.jpg	242x320
journal-of-ecology	Wikipedia (en) infobox cover	fair-use cover thumbnail	https://upload.wikimedia.org/wikipedia/en/9/9b/Journal_of_Ecology.gif	246x320
the-isme-journal	academic.oup.com ISME Journal current issue cover (Vol 20 Iss 1)	fair-use cover thumbnail	https://oup.silverchair-cdn.com/oup/backfile/Content_public/Journal/ismej/Issue/20/1/64/m_cover.jpeg?Expires=1784052861&Signature=wPmj8df5zaNtyl2AIUmTD84iJJGUSQzw54LHPd8aqDA7-jB6~srZYeNy-Le0pqXhNfVPC3f7okKWpdcAk0WV5T-w7IJG9IGDIRffQX5bRlAiUkeCDmqdKZGaGc2kMer8gvqFy9f4joa-JFacKSP1zj4VJXMf4kxxTbWkijhY49fHVwBenX49BD1jxxmMCBOofZKXe0EbAmqFwXZ14qigm~fm6AMYRf34lNL7rcJ2vbI6ORpcmDkVmVZZin3P7JrbJBSQNVGjh7lcwMO9GhdPaRlvSVN7we4a~-BRUIVHlf8KZYY0xjWuJC6UGycX-Mbq6xDHETekvyD8LgW2lHgz-w__&Key-Pair-Id=APKAIE5G5CRDK6RD3PGA	243x320
geophysical-research-letters	Wikipedia (en) infobox cover	fair-use cover thumbnail	https://upload.wikimedia.org/wikipedia/en/3/36/Geophysical_Research_Letters.jpeg	244x320
atmospheric-chemistry-and-physics	Wikipedia (en) infobox cover	fair-use cover thumbnail	https://upload.wikimedia.org/wikipedia/commons/thumb/7/7e/Cover_of_the_journal_Atmospheric_Chemistry_and_Physics.png/500px-Cover_of_the_journal_Atmospheric_Chemistry_and_Physics.png	241x320
journal-of-geophysical-research-atmospheres	Wikipedia (en) infobox cover [src: upload.wikimedia.org/wikipedia/en/5/5b/Jgrbcover.jpeg]	fair-use cover thumbnail	https://upload.wikimedia.org/wikipedia/en/5/5b/Jgrbcover.jpeg	238x320
nature-reviews-earth-and-environment	Wikipedia (en) infobox cover [src: upload.wikimedia.org/wikipedia/en/7/75/Nature_Reviews_Earth_%26_Environment_journal_cover_volume_1_issue_1.png]	fair-use cover thumbnail	https://upload.wikimedia.org/wikipedia/en/7/75/Nature_Reviews_Earth_%26_Environment_journal_cover_volume_1_issue_1.png	232x320
nature-water	nature.com issue cover (vol 4 issue 5) [src: media.springernature.com/cover-hires/journal/44221/4/5]	fair-use cover thumbnail	https://media.springernature.com/full/springer-static/cover-hires/journal/44221/4/5	241x320
water-research	Elsevier journal cover (ISSN 0043-1354) [src: secure-ecsd.elsevier.com/covers/80/Tango2/largest/00431354.jpg]	fair-use cover thumbnail	https://secure-ecsd.elsevier.com/covers/80/Tango2/largest/00431354.jpg	240x320
the-cryosphere	EGU/Copernicus journal cover graphic [src: the-cryosphere.net/graphic_TC_cover_huge.jpg]	fair-use cover thumbnail	https://www.the-cryosphere.net/graphic_TC_cover_huge.jpg	247x320
reviews-of-geophysics	Wikipedia (en) infobox cover [src: upload.wikimedia.org/wikipedia/en/e/ec/Rev_Geo_cvr_img.jpg]	fair-use cover thumbnail	https://upload.wikimedia.org/wikipedia/en/e/ec/Rev_Geo_cvr_img.jpg	246x320
advances-in-mathematics	Wikipedia (en) infobox cover	fair-use cover thumbnail	https://upload.wikimedia.org/wikipedia/en/a/a9/Advances_in_Mathematics.gif	219x320
journal-of-the-acm	Wikipedia (en) infobox cover	fair-use cover thumbnail	https://upload.wikimedia.org/wikipedia/en/6/68/Journal_of_the_ACM_2010_cover.jpg	213x320
duke-mathematical-journal	Project Euclid journal cover	fair-use cover thumbnail	https://projecteuclid.org/images/journals/cover_dmj.jpg	218x320
foundations-of-computational-mathematics	Springer journal cover	fair-use cover thumbnail	https://media.springernature.com/w153/springer-static/cover-hires/journal/10208	212x320
science-signaling	Wikipedia (en) infobox cover	fair-use cover thumbnail	https://upload.wikimedia.org/wikipedia/en/3/37/Science_Signaling_journal_cover.gif	266x320
nature-reviews-drug-discovery	Wikipedia (en) infobox cover	fair-use cover thumbnail	https://upload.wikimedia.org/wikipedia/en/7/79/Nature_Review_Drug_Discovery.jpg	244x320
cell-reports-medicine	Cell Press cell.com issue cover (Elsevier els-cdn)	fair-use cover thumbnail	https://ars.els-cdn.com/content/image/X26663791.jpg	246x320
the-lancet-digital-health	The Lancet thelancet.com issue cover (Elsevier els-cdn)	fair-use cover thumbnail	https://ars.els-cdn.com/content/image/X25897500.jpg	238x320
coordination-chemistry-reviews	Elsevier cover CDN (ISSN 0010-8545)	fair-use cover thumbnail	https://ars.els-cdn.com/content/image/X00108545.jpg	240x320
matter	Cell Press cover CDN (ISSN 2590-2385)	fair-use cover thumbnail	https://ars.els-cdn.com/content/image/X25902385.jpg	246x320
trends-in-ecology-and-evolution	Cell Press cover CDN (ISSN 0169-5347)	fair-use cover thumbnail	https://ars.els-cdn.com/content/image/X01695347.jpg	246x320
advanced-functional-materials	Wikipedia (en) infobox cover (upscaled from native fair-use thumbnail)	fair-use cover thumbnail	https://upload.wikimedia.org/wikipedia/en/8/8d/AFM_cover_15_09.jpg	237x320
molecular-ecology	Wikipedia (en) infobox cover	fair-use cover thumbnail	https://upload.wikimedia.org/wikipedia/en/3/39/Mol_Ecol_Cover_April2021.jpg	243x320
acta-mathematica	Wikimedia Commons	public domain (1884 title page)	https://upload.wikimedia.org/wikipedia/commons/thumb/2/2f/Acta_Mathematica_1884_Titel.jpg/500px-Acta_Mathematica_1884_Titel.jpg	238x320
global-ecology-and-biogeography	onlinelibrary.wiley.com cover via Wayback (geb v32.6, upscaled)	fair-use cover thumbnail	https://web.archive.org/web/2id_/https://onlinelibrary.wiley.com/cms/asset/4d687c92-9aca-4912-bfdf-5ad5e7b8a0f7/geb.v32.6.cover.gif	243x320
siam-review	siam.org media CDN (SIAM Review)	fair-use cover thumbnail	https://www.siam.org/media/qqzdlhk4/sirev56-3_covercmyk.png	224x320
communications-on-pure-and-applied-mathematics	Internet Archive (CPAM cover)	fair-use cover thumbnail	https://ia801806.us.archive.org/15/items/pub_communications-on-pure-and-applied-mathematics/pub_communications-on-pure-and-applied-mathematics_itemimage.jpg	320x319
earths-future	Publisher:Wiley/AGU (media CDN)	publisher cover (fair-use)	https://media.wiley.com/journal/23284277-cover.jpg	243x320
siam-journal-on-computing	epubs.siam.org cover via Wayback (smjcat)	fair-use cover thumbnail	https://web.archive.org/web/2id_/https://epubs.siam.org/cms/10.1137/smjcat.43.6/asset/17efe487-8317-fe48-6831-efe48768317e/cover.jpg	218x320
jacs-au	Publisher:ACS (epubs Atypon showCoverImage, jaaucr; src https://pubs.acs.org/action/showCoverImage?journalCode=jaaucr)	publisher cover (fair-use)	/tmp/jaaucr.jpg	240x320
geometry-and-topology	NO-COVER	n/a	no public per-issue cover located (Wikipedia/Wikidata/CDN dry)	480x640
nature-reviews-methods-primers	NO-COVER	n/a	publisher cover exists but auto-fetch reverted on visual mismatch; pending manual save	480x640
physical-review-applied	NO-COVER	n/a	APS online journal, no per-issue cover art	480x640
physical-review-e	NO-COVER	n/a	APS online journal, no per-issue cover art	480x640
